{
"ordinaryPeakAm": [
{ "chineseName":"中山路與北門街/東門街", "name":"shan-men", "latitude":"24.804933", "longitude":"120.966033", "phaseTotal":"2", "difference":"40", "period":"130", "phase0":"80", "phase1":"50", "phase2":"0", "phase3":"0", "name4":"-842150451" },
{ "chineseName":"中山路與西大路", "name":"shan-xida", "latitude":"24.803783", "longitude":"120.964217", "phaseTotal":"2", "difference":"100", "period":"130", "phase0":"70", "phase1":"60", "phase2":"0", "phase3":"0", "name4":"-842150451" },
{ "chineseName":"中山路與集賢街", "name":"shan-jixian", "latitude":"24.802950", "longitude":"120.962950", "phaseTotal":"2", "difference":"40", "period":"130", "phase0":"95", "phase1":"35", "phase2":"0", "phase3":"0", "name4":"-842150451" },
{ "chineseName":"中山路與北大路", "name":"shan-bedia", "latitude":"24.801367", "longitude":"120.960433", "phaseTotal":"2", "difference":"0", "period":"135", "phase0":"70", "phase1":"65", "phase2":"0", "phase3":"0", "name4":"-842150451" },
{ "chineseName":"中山路與牛埔路/警光路", "name":"shan-niubu", "latitude":"24.797883", "longitude":"120.956250", "phaseTotal":"2", "difference":"48", "period":"120", "phase0":"45", "phase1":"40", "phase2":"35", "phase3":"0", "name4":"-842150451" },
{ "chineseName":"中山路與中華路", "name":"shan-hua", "latitude":"24.796567", "longitude":"120.955183", "phaseTotal":"2", "difference":"116", "period":"120", "phase0":"58", "phase1":"22", "phase2":"40", "phase3":"0", "name4":"-842150451" },
{ "chineseName":"中央路與自由路", "name":"yang-ziyou", "latitude":"24.812400", "longitude":"120.981400", "phaseTotal":"2", "difference":"0", "period":"0", "phase0":"0", "phase1":"0", "phase2":"0", "phase3":"0", "name4":"-842150451" },
{ "chineseName":"中央路與民主路", "name":"yang-zh", "latitude":"24.811117", "longitude":"120.979383", "phaseTotal":"2", "difference":"0", "period":"0", "phase0":"0", "phase1":"0", "phase2":"0", "phase3":"0", "name4":"-842150451" },
{ "chineseName":"中央路與民生路", "name":"yang-sheng", "latitude":"24.809850", "longitude":"120.977300", "phaseTotal":"2", "difference":"0", "period":"0", "phase0":"0", "phase1":"0", "phase2":"0", "phase3":"0", "name4":"-842150451" },
{ "chineseName":"中央路與民權路", "name":"yang-quan", "latitude":"24.808850", "longitude":"120.974483", "phaseTotal":"2", "difference":"0", "period":"0", "phase0":"0", "phase1":"0", "phase2":"0", "phase3":"0", "name4":"-842150451" },
{ "chineseName":"中央路與東大路", "name":"yang-dongda", "latitude":"24.807917", "longitude":"120.972217", "phaseTotal":"2", "difference":"0", "period":"0", "phase0":"0", "phase1":"0", "phase2":"0", "phase3":"0", "name4":"-842150451" },
{ "chineseName":"中央路與中正路", "name":"yang-zheng", "latitude":"24.805933", "longitude":"120.969150", "phaseTotal":"2", "difference":"0", "period":"0", "phase0":"0", "phase1":"0", "phase2":"0", "phase3":"0", "name4":"-842150451" },
{ "chineseName":"中央路與東門街", "name":"yang-men", "latitude":"24.804383", "longitude":"120.966867", "phaseTotal":"2", "difference":"0", "period":"0", "phase0":"0", "phase1":"0", "phase2":"0", "phase3":"0", "name4":"-842150451" },
{ "chineseName":"中華路與中正路、中華路與林森路", "name":"zheng-hua", "latitude":"24.801867", "longitude":"120.971383", "phaseTotal":"2", "difference":"0", "period":"0", "phase0":"0", "phase1":"0", "phase2":"0", "phase3":"0", "name4":"-842150451" },
{ "chineseName":"中正路與北大路", "name":"zheng-beida", "latitude":"24.808950", "longitude":"120.966783", "phaseTotal":"2", "difference":"0", "period":"0", "phase0":"0", "phase1":"0", "phase2":"0", "phase3":"0", "name4":"-842150451" },
{ "chineseName":"中正路與經國路", "name":"zheng-jingguo", "latitude":"24.811950", "longitude":"120.964483", "phaseTotal":"2", "difference":"0", "period":"0", "phase0":"0", "phase1":"0", "phase2":"0", "phase3":"0", "name4":"-842150451" },
{ "chineseName":"中正路與竹光路/武陵路", "name":"zheng-zhuguang", "latitude":"24.815283", "longitude":"120.961933", "phaseTotal":"2", "difference":"0", "period":"0", "phase0":"0", "phase1":"0", "phase2":"0", "phase3":"0", "name4":"-842150451" },
{ "chineseName":"中正路與竹光路/武陵路", "name":"zheng-zhuguang", "latitude":"24.815283", "longitude":"120.961933", "phaseTotal":"2", "difference":"-842150451", "period":"-842150451", "phase0":"-842150451", "phase1":"-842150451", "phase2":"-842150451", "phase3":"-842150451", "name4":"-842150451" }
],
"ordinary": [
{ "chineseName":"中山路與北門街/東門街", "name":"shan-men", "latitude":"24.804933", "longitude":"120.966033", "phaseTotal":"2", "difference":"91", "period":"130", "phase0":"85", "phase1":"45", "phase2":"0", "phase3":"0", "name4":"-842150451" },
{ "chineseName":"中山路與西大路", "name":"shan-xida", "latitude":"24.803783", "longitude":"120.964217", "phaseTotal":"2", "difference":"16", "period":"130", "phase0":"75", "phase1":"55", "phase2":"0", "phase3":"0", "name4":"-842150451" },
{ "chineseName":"中山路與集賢街", "name":"shan-jixian", "latitude":"24.802950", "longitude":"120.962950", "phaseTotal":"2", "difference":"26", "period":"65", "phase0":"40", "phase1":"25", "phase2":"0", "phase3":"0", "name4":"-842150451" },
{ "chineseName":"中山路與北大路", "name":"shan-bedia", "latitude":"24.801367", "longitude":"120.960433", "phaseTotal":"2", "difference":"0", "period":"100", "phase0":"55", "phase1":"45", "phase2":"0", "phase3":"0", "name4":"-842150451" },
{ "chineseName":"中山路與牛埔路/警光路", "name":"shan-niubu", "latitude":"24.797883", "longitude":"120.956250", "phaseTotal":"2", "difference":"78", "period":"110", "phase0":"50", "phase1":"35", "phase2":"25", "phase3":"0", "name4":"-842150451" },
{ "chineseName":"中山路與中華路", "name":"shan-hua", "latitude":"24.796567", "longitude":"120.955183", "phaseTotal":"2", "difference":"8", "period":"110", "phase0":"58", "phase1":"20", "phase2":"32", "phase3":"0", "name4":"-842150451" },
{ "chineseName":"中央路與自由路", "name":"yang-ziyou", "latitude":"24.812400", "longitude":"120.981400", "phaseTotal":"2", "difference":"0", "period":"0", "phase0":"0", "phase1":"0", "phase2":"0", "phase3":"0", "name4":"-842150451" },
{ "chineseName":"中央路與民主路", "name":"yang-zh", "latitude":"24.811117", "longitude":"120.979383", "phaseTotal":"2", "difference":"0", "period":"0", "phase0":"0", "phase1":"0", "phase2":"0", "phase3":"0", "name4":"-842150451" },
{ "chineseName":"中央路與民生路", "name":"yang-sheng", "latitude":"24.809850", "longitude":"120.977300", "phaseTotal":"2", "difference":"0", "period":"0", "phase0":"0", "phase1":"0", "phase2":"0", "phase3":"0", "name4":"-842150451" },
{ "chineseName":"中央路與民權路", "name":"yang-quan", "latitude":"24.808850", "longitude":"120.974483", "phaseTotal":"2", "difference":"0", "period":"0", "phase0":"0", "phase1":"0", "phase2":"0", "phase3":"0", "name4":"-842150451" },
{ "chineseName":"中央路與東大路", "name":"yang-dongda", "latitude":"24.807917", "longitude":"120.972217", "phaseTotal":"2", "difference":"0", "period":"0", "phase0":"0", "phase1":"0", "phase2":"0", "phase3":"0", "name4":"-842150451" },
{ "chineseName":"中央路與中正路", "name":"yang-zheng", "latitude":"24.805933", "longitude":"120.969150", "phaseTotal":"2", "difference":"0", "period":"0", "phase0":"0", "phase1":"0", "phase2":"0", "phase3":"0", "name4":"-842150451" },
{ "chineseName":"中央路與東門街", "name":"yang-men", "latitude":"24.804383", "longitude":"120.966867", "phaseTotal":"2", "difference":"0", "period":"0", "phase0":"0", "phase1":"0", "phase2":"0", "phase3":"0", "name4":"-842150451" },
{ "chineseName":"中華路與中正路、中華路與林森路", "name":"zheng-hua", "latitude":"24.801867", "longitude":"120.971383", "phaseTotal":"2", "difference":"0", "period":"0", "phase0":"0", "phase1":"0", "phase2":"0", "phase3":"0", "name4":"-842150451" },
{ "chineseName":"中正路與北大路", "name":"zheng-beida", "latitude":"24.808950", "longitude":"120.966783", "phaseTotal":"2", "difference":"0", "period":"0", "phase0":"0", "phase1":"0", "phase2":"0", "phase3":"0", "name4":"-842150451" },
{ "chineseName":"中正路與經國路", "name":"zheng-jingguo", "latitude":"24.811950", "longitude":"120.964483", "phaseTotal":"2", "difference":"0", "period":"0", "phase0":"0", "phase1":"0", "phase2":"0", "phase3":"0", "name4":"-842150451" },
{ "chineseName":"中正路與竹光路/武陵路", "name":"zheng-zhuguang", "latitude":"24.815283", "longitude":"120.961933", "phaseTotal":"2", "difference":"0", "period":"0", "phase0":"0", "phase1":"0", "phase2":"0", "phase3":"0", "name4":"-842150451" }
],
"ordinaryPeakPm": [
{ "chineseName":"中山路與北門街/東門街", "name":"shan-men", "latitude":"24.804933", "longitude":"120.966033", "phaseTotal":"2", "difference":"37", "period":"120", "phase0":"60", "phase1":"60", "phase2":"0", "phase3":"0", "name4":"-842150451" },
{ "chineseName":"中山路與西大路", "name":"shan-xida", "latitude":"24.803783", "longitude":"120.964217", "phaseTotal":"2", "difference":"92", "period":"120", "phase0":"65", "phase1":"55", "phase2":"0", "phase3":"0", "name4":"-842150451" },
{ "chineseName":"中山路與集賢街", "name":"shan-jixian", "latitude":"24.802950", "longitude":"120.962950", "phaseTotal":"2", "difference":"35", "period":"120", "phase0":"85", "phase1":"35", "phase2":"0", "phase3":"0", "name4":"-842150451" },
{ "chineseName":"中山路與北大路", "name":"shan-bedia", "latitude":"24.801367", "longitude":"120.960433", "phaseTotal":"2", "difference":"0", "period":"135", "phase0":"75", "phase1":"60", "phase2":"0", "phase3":"0", "name4":"-842150451" },
{ "chineseName":"中山路與牛埔路/警光路", "name":"shan-niubu", "latitude":"24.797883", "longitude":"120.956250", "phaseTotal":"2", "difference":"85", "period":"120", "phase0":"50", "phase1":"40", "phase2":"30", "phase3":"0", "name4":"-842150451" },
{ "chineseName":"中山路與中華路", "name":"shan-hua", "latitude":"24.796567", "longitude":"120.955183", "phaseTotal":"2", "difference":"5", "period":"120", "phase0":"68", "phase1":"17", "phase2":"35", "phase3":"0", "name4":"-842150451" },
{ "chineseName":"中央路與自由路", "name":"yang-ziyou", "latitude":"24.812400", "longitude":"120.981400", "phaseTotal":"2", "difference":"0", "period":"0", "phase0":"0", "phase1":"0", "phase2":"0", "phase3":"0", "name4":"-842150451" },
{ "chineseName":"中央路與民主路", "name":"yang-zh", "latitude":"24.811117", "longitude":"120.979383", "phaseTotal":"2", "difference":"0", "period":"0", "phase0":"0", "phase1":"0", "phase2":"0", "phase3":"0", "name4":"-842150451" },
{ "chineseName":"中央路與民生路", "name":"yang-sheng", "latitude":"24.809850", "longitude":"120.977300", "phaseTotal":"2", "difference":"0", "period":"0", "phase0":"0", "phase1":"0", "phase2":"0", "phase3":"0", "name4":"-842150451" },
{ "chineseName":"中央路與民權路", "name":"yang-quan", "latitude":"24.808850", "longitude":"120.974483", "phaseTotal":"2", "difference":"0", "period":"0", "phase0":"0", "phase1":"0", "phase2":"0", "phase3":"0", "name4":"-842150451" },
{ "chineseName":"中央路與東大路", "name":"yang-dongda", "latitude":"24.807917", "longitude":"120.972217", "phaseTotal":"2", "difference":"0", "period":"0", "phase0":"0", "phase1":"0", "phase2":"0", "phase3":"0", "name4":"-842150451" },
{ "chineseName":"中央路與中正路", "name":"yang-zheng", "latitude":"24.805933", "longitude":"120.969150", "phaseTotal":"2", "difference":"0", "period":"0", "phase0":"0", "phase1":"0", "phase2":"0", "phase3":"0", "name4":"-842150451" },
{ "chineseName":"中央路與東門街", "name":"yang-men", "latitude":"24.804383", "longitude":"120.966867", "phaseTotal":"2", "difference":"0", "period":"0", "phase0":"0", "phase1":"0", "phase2":"0", "phase3":"0", "name4":"-842150451" },
{ "chineseName":"中華路與中正路、中華路與林森路", "name":"zheng-hua", "latitude":"24.801867", "longitude":"120.971383", "phaseTotal":"2", "difference":"0", "period":"0", "phase0":"0", "phase1":"0", "phase2":"0", "phase3":"0", "name4":"-842150451" },
{ "chineseName":"中正路與北大路", "name":"zheng-beida", "latitude":"24.808950", "longitude":"120.966783", "phaseTotal":"2", "difference":"0", "period":"0", "phase0":"0", "phase1":"0", "phase2":"0", "phase3":"0", "name4":"-842150451" },
{ "chineseName":"中正路與經國路", "name":"zheng-jingguo", "latitude":"24.811950", "longitude":"120.964483", "phaseTotal":"2", "difference":"0", "period":"0", "phase0":"0", "phase1":"0", "phase2":"0", "phase3":"0", "name4":"-842150451" },
{ "chineseName":"中正路與竹光路/武陵路", "name":"zheng-zhuguang", "latitude":"24.815283", "longitude":"120.961933", "phaseTotal":"2", "difference":"0", "period":"0", "phase0":"0", "phase1":"0", "phase2":"0", "phase3":"0", "name4":"-842150451" }
],
"holiday": [
{ "chineseName":"中山路與北門街/東門街", "name":"shan-men", "latitude":"24.804933", "longitude":"120.966033", "phaseTotal":"2", "difference":"50", "period":"110", "phase0":"60", "phase1":"50", "phase2":"0", "phase3":"0", "name4":"-842150451" },
{ "chineseName":"中山路與西大路", "name":"shan-xida", "latitude":"24.803783", "longitude":"120.964217", "phaseTotal":"2", "difference":"0", "period":"110", "phase0":"60", "phase1":"50", "phase2":"0", "phase3":"0", "name4":"-842150451" },
{ "chineseName":"中山路與集賢街", "name":"shan-jixian", "latitude":"24.802950", "longitude":"120.962950", "phaseTotal":"2", "difference":"45", "period":"110", "phase0":"75", "phase1":"35", "phase2":"0", "phase3":"0", "name4":"-842150451" },
{ "chineseName":"中山路與北大路", "name":"shan-bedia", "latitude":"24.801367", "longitude":"120.960433", "phaseTotal":"2", "difference":"0", "period":"110", "phase0":"60", "phase1":"50", "phase2":"0", "phase3":"0", "name4":"-842150451" },
{ "chineseName":"中山路與牛埔路/警光路", "name":"shan-niubu", "latitude":"24.797883", "longitude":"120.956250", "phaseTotal":"2", "difference":"60", "period":"110", "phase0":"45", "phase1":"40", "phase2":"25", "phase3":"0", "name4":"-842150451" },
{ "chineseName":"中山路與中華路", "name":"shan-hua", "latitude":"24.796567", "longitude":"120.955183", "phaseTotal":"2", "difference":"106", "period":"110", "phase0":"47", "phase1":"17", "phase2":"46", "phase3":"0", "name4":"-842150451" },
{ "chineseName":"中央路與自由路", "name":"yang-ziyou", "latitude":"24.812400", "longitude":"120.981400", "phaseTotal":"2", "difference":"0", "period":"0", "phase0":"0", "phase1":"0", "phase2":"0", "phase3":"0", "name4":"-842150451" },
{ "chineseName":"中央路與民主路", "name":"yang-zh", "latitude":"24.811117", "longitude":"120.979383", "phaseTotal":"2", "difference":"0", "period":"0", "phase0":"0", "phase1":"0", "phase2":"0", "phase3":"0", "name4":"-842150451" },
{ "chineseName":"中央路與民生路", "name":"yang-sheng", "latitude":"24.809850", "longitude":"120.977300", "phaseTotal":"2", "difference":"0", "period":"0", "phase0":"0", "phase1":"0", "phase2":"0", "phase3":"0", "name4":"-842150451" },
{ "chineseName":"中央路與民權路", "name":"yang-quan", "latitude":"24.808850", "longitude":"120.974483", "phaseTotal":"2", "difference":"0", "period":"0", "phase0":"0", "phase1":"0", "phase2":"0", "phase3":"0", "name4":"-842150451" },
{ "chineseName":"中央路與東大路", "name":"yang-dongda", "latitude":"24.807917", "longitude":"120.972217", "phaseTotal":"2", "difference":"0", "period":"0", "phase0":"0", "phase1":"0", "phase2":"0", "phase3":"0", "name4":"-842150451" },
{ "chineseName":"中央路與中正路", "name":"yang-zheng", "latitude":"24.805933", "longitude":"120.969150", "phaseTotal":"2", "difference":"0", "period":"0", "phase0":"0", "phase1":"0", "phase2":"0", "phase3":"0", "name4":"-842150451" },
{ "chineseName":"中央路與東門街", "name":"yang-men", "latitude":"24.804383", "longitude":"120.966867", "phaseTotal":"2", "difference":"0", "period":"0", "phase0":"0", "phase1":"0", "phase2":"0", "phase3":"0", "name4":"-842150451" },
{ "chineseName":"中華路與中正路、中華路與林森路", "name":"zheng-hua", "latitude":"24.801867", "longitude":"120.971383", "phaseTotal":"2", "difference":"0", "period":"0", "phase0":"0", "phase1":"0", "phase2":"0", "phase3":"0", "name4":"-842150451" },
{ "chineseName":"中正路與北大路", "name":"zheng-beida", "latitude":"24.808950", "longitude":"120.966783", "phaseTotal":"2", "difference":"0", "period":"0", "phase0":"0", "phase1":"0", "phase2":"0", "phase3":"0", "name4":"-842150451" },
{ "chineseName":"中正路與經國路", "name":"zheng-jingguo", "latitude":"24.811950", "longitude":"120.964483", "phaseTotal":"2", "difference":"0", "period":"0", "phase0":"0", "phase1":"0", "phase2":"0", "phase3":"0", "name4":"-842150451" },
{ "chineseName":"中正路與竹光路/武陵路", "name":"zheng-zhuguang", "latitude":"24.815283", "longitude":"120.961933", "phaseTotal":"2", "difference":"0", "period":"0", "phase0":"0", "phase1":"0", "phase2":"0", "phase3":"0", "name4":"-842150451" }
],
"holidayPeak": [
{ "chineseName":"中山路與北門街/東門街", "name":"shan-men", "latitude":"24.804933", "longitude":"120.966033", "phaseTotal":"2", "difference":"55", "period":"120", "phase0":"65", "phase1":"55", "phase2":"0", "phase3":"0", "name4":"-842150451" },
{ "chineseName":"中山路與西大路", "name":"shan-xida", "latitude":"24.803783", "longitude":"120.964217", "phaseTotal":"2", "difference":"0", "period":"120", "phase0":"65", "phase1":"55", "phase2":"0", "phase3":"0", "name4":"-842150451" },
{ "chineseName":"中山路與集賢街", "name":"shan-jixian", "latitude":"24.802950", "longitude":"120.962950", "phaseTotal":"2", "difference":"50", "period":"120", "phase0":"85", "phase1":"35", "phase2":"0", "phase3":"0", "name4":"-842150451" },
{ "chineseName":"中山路與北大路", "name":"shan-bedia", "latitude":"24.801367", "longitude":"120.960433", "phaseTotal":"2", "difference":"0", "period":"120", "phase0":"70", "phase1":"50", "phase2":"0", "phase3":"0", "name4":"-842150451" },
{ "chineseName":"中山路與牛埔路/警光路", "name":"shan-niubu", "latitude":"24.797883", "longitude":"120.956250", "phaseTotal":"2", "difference":"72", "period":"120", "phase0":"40", "phase1":"50", "phase2":"30", "phase3":"0", "name4":"-842150451" },
{ "chineseName":"中山路與中華路", "name":"shan-hua", "latitude":"24.796567", "longitude":"120.955183", "phaseTotal":"2", "difference":"5", "period":"120", "phase0":"50", "phase1":"17", "phase2":"53", "phase3":"0", "name4":"-842150451" },
{ "chineseName":"中央路與自由路", "name":"yang-ziyou", "latitude":"24.812400", "longitude":"120.981400", "phaseTotal":"2", "difference":"0", "period":"0", "phase0":"0", "phase1":"0", "phase2":"0", "phase3":"0", "name4":"-842150451" },
{ "chineseName":"中央路與民主路", "name":"yang-zh", "latitude":"24.811117", "longitude":"120.979383", "phaseTotal":"2", "difference":"0", "period":"0", "phase0":"0", "phase1":"0", "phase2":"0", "phase3":"0", "name4":"-842150451" },
{ "chineseName":"中央路與民生路", "name":"yang-sheng", "latitude":"24.809850", "longitude":"120.977300", "phaseTotal":"2", "difference":"0", "period":"0", "phase0":"0", "phase1":"0", "phase2":"0", "phase3":"0", "name4":"-842150451" },
{ "chineseName":"中央路與民權路", "name":"yang-quan", "latitude":"24.808850", "longitude":"120.974483", "phaseTotal":"2", "difference":"0", "period":"0", "phase0":"0", "phase1":"0", "phase2":"0", "phase3":"0", "name4":"-842150451" },
{ "chineseName":"中央路與東大路", "name":"yang-dongda", "latitude":"24.807917", "longitude":"120.972217", "phaseTotal":"2", "difference":"0", "period":"0", "phase0":"0", "phase1":"0", "phase2":"0", "phase3":"0", "name4":"-842150451" },
{ "chineseName":"中央路與中正路", "name":"yang-zheng", "latitude":"24.805933", "longitude":"120.969150", "phaseTotal":"2", "difference":"0", "period":"0", "phase0":"0", "phase1":"0", "phase2":"0", "phase3":"0", "name4":"-842150451" },
{ "chineseName":"中央路與東門街", "name":"yang-men", "latitude":"24.804383", "longitude":"120.966867", "phaseTotal":"2", "difference":"0", "period":"0", "phase0":"0", "phase1":"0", "phase2":"0", "phase3":"0", "name4":"-842150451" },
{ "chineseName":"中華路與中正路、中華路與林森路", "name":"zheng-hua", "latitude":"24.801867", "longitude":"120.971383", "phaseTotal":"2", "difference":"0", "period":"0", "phase0":"0", "phase1":"0", "phase2":"0", "phase3":"0", "name4":"-842150451" },
{ "chineseName":"中正路與北大路", "name":"zheng-beida", "latitude":"24.808950", "longitude":"120.966783", "phaseTotal":"2", "difference":"0", "period":"0", "phase0":"0", "phase1":"0", "phase2":"0", "phase3":"0", "name4":"-842150451" },
{ "chineseName":"中正路與經國路", "name":"zheng-jingguo", "latitude":"24.811950", "longitude":"120.964483", "phaseTotal":"2", "difference":"0", "period":"0", "phase0":"0", "phase1":"0", "phase2":"0", "phase3":"0", "name4":"-842150451" },
{ "chineseName":"中正路與竹光路/武陵路", "name":"zheng-zhuguang", "latitude":"24.815283", "longitude":"120.961933", "phaseTotal":"2", "difference":"0", "period":"0", "phase0":"0", "phase1":"0", "phase2":"0", "phase3":"0", "name4":"-842150451" }
]
}
